{
  "getAllAgeGroup": [
    {
      "ageGroupId": 1,
      "ageGroupName": "Adult",
      "ageGroupCode": "adult",
      "ageGroupType": 1,
      "maxOccupants": 4,
      "selectedValue": 0
    },
    {
      "ageGroupId": 2,
      "ageGroupName": "Child",
      "ageGroupCode": "child",
      "ageGroupType": 2,
      "maxOccupants": 2,
      "selectedValue": 0
    },
    {
      "ageGroupId": 3,
      "ageGroupName": "Infant",
      "ageGroupCode": "Infant",
      "ageGroupType": 3,
      "maxOccupants": 1,
      "selectedValue": 0
    },
    {
      "ageGroupId": 5,
      "ageGroupName": "Child 2",
      "ageGroupCode": "Child 2",
      "ageGroupType": 2,
      "maxOccupants": 1,
      "selectedValue": 0
    }
  ],
  "roomFilters": [
    {
      "categoryId": 78,
      "categoryName": "Amenities",
      "filters": [
        {
          "filterId": 81,
          "filterName": "Breakfast"
        },
        {
          "filterId": 86,
          "filterName": "Dinner"
        },
        {
          "filterId": 85,
          "filterName": "Lunch"
        }
      ],
      "id": "3710"
    },
    {
      "categoryId": 79,
      "categoryName": "Bedroom",
      "filters": [
        {
          "filterId": 80,
          "filterName": "1 Bed"
        }
      ],
      "id": "fd8a"
    },
    {
      "categoryId": 82,
      "categoryName": "Golf Area",
      "filters": [
        {
          "filterId": 84,
          "filterName": "Golf"
        }
      ],
      "id": "0563"
    },
    {
      "categoryId": 87,
      "categoryName": "Smoking",
      "filters": [
        {
          "filterId": 88,
          "filterName": "Yes"
        }
      ],
      "id": "6778"
    }
  ],
  "rooms": [
    {
      "roomTypeId": 1,
      "roomId": "1",
      "companyId": 1,
      "siteId": 1,
      "name": "VIP Suite",
      "description": "1 queen bed - sofa-bed with bath",
      "roomSize": "",
      "bedsize": "",
      "noOfBeds": 1,
      "checkInTime": "01:00 PM",
      "checkOutTime": "11:30 AM",
      "websiteView": 0,
      "ageGroupPersons": [],
      "noOfAvailableRooms": 2,
      "defaultRate": 200,
      "rateMap": {
        "1": 129,
        "2": 0,
        "3": 0,
        "4": 0,
        "5": 249,
        "6": 200,
        "7": 50,
        "8": 50,
        "9": 50,
        "10": 50,
        "11": 50,
        "12": 50,
        "13": 50,
        "14": 50,
        "15": 50,
        "16": 50,
        "17": 50,
        "18": 50,
        "19": 50,
        "20": 50,
        "21": 50,
        "22": 50,
        "23": 50,
        "24": 50,
        "25": 50,
        "26": 50,
        "27": 50,
        "28": 50,
        "29": 50,
        "30": 50,
        "31": 50,
        "32": 50,
        "33": 50,
        "34": 50,
        "35": 50,
        "36": 50,
        "37": 50,
        "38": 50,
        "39": 50,
        "40": 50,
        "41": 50,
        "42": 50,
        "43": 50,
        "44": 50,
        "45": 50,
        "46": 50,
        "47": 50,
        "48": 50,
        "49": 50,
        "50": 50
      },
      "smoking": false,
      "onlineDescription": "Hello,<br /><em>This </em>is <strong>smart</strong> <u>text</u>.",
      "address": {
        "addressId": 5551,
        "addressLine1": "1600 Northstar",
        "addressLine2": "",
        "addressLine3": "",
        "country_Id": 2,
        "country": "United States",
        "state_id": 3,
        "state": "New York",
        "city": "New York City",
        "postalCode": "12345"
      },
      "images": {
        "thumbs": [
          "https://lipsum.app/id/67/400x360",
          "https://lipsum.app/id/61/400x360",
          "https://lipsum.app/id/63/400x360"
        ],
        "large": [
          "https://lipsum.app/id/67/1600x1080",
          "https://lipsum.app/id/61/1600x1080",
          "https://lipsum.app/id/63/1600x1080"
        ]
      },
      "roomFilters": [
        {
          "categoryId": 78,
          "categoryName": "Amenities",
          "filters": [
            {
              "filterId": 81,
              "filterName": "Breakfast"
            },
            {
              "filterId": 85,
              "filterName": "Lunch"
            }
          ]
        },
        {
          "categoryId": 79,
          "categoryName": "Bedroom",
          "filters": [
            {
              "filterId": 80,
              "filterName": "1 Bed"
            }
          ]
        },
        {
          "categoryId": 87,
          "categoryName": "Smoking",
          "filters": [
            {
              "filterId": 88,
              "filterName": "Yes"
            }
          ]
        }
      ],
      "id": "5529"
    },
    {
      "roomTypeId": 2,
      "roomId": "2",
      "companyId": 1,
      "siteId": 1,
      "name": "King",
      "description": "1 king bed with bath",
      "roomSize": "",
      "bedsize": "",
      "noOfBeds": 1,
      "checkInTime": "01:00 PM",
      "checkOutTime": "11:30 AM",
      "websiteView": 0,
      "ageGroupPersons": [
        "1_3",
        "2_3",
        "3_3",
        "5_3"
      ],
      "noOfAvailableRooms": 9,
      "defaultRate": null,
      "rateMap": {
        "1": 129,
        "2": 0,
        "3": 0,
        "4": 0,
        "5": 249,
        "6": 200,
        "7": 50,
        "8": 50,
        "9": 50,
        "10": 50,
        "11": 50,
        "12": 50,
        "13": 50,
        "14": 50,
        "15": 50,
        "16": 50,
        "17": 50,
        "18": 50,
        "19": 50,
        "20": 50,
        "21": 50,
        "22": 50,
        "23": 50,
        "24": 50,
        "25": 50,
        "26": 50,
        "27": 50,
        "28": 50,
        "29": 50,
        "30": 50,
        "31": 50,
        "32": 50,
        "33": 50,
        "34": 50,
        "35": 50,
        "36": 50,
        "37": 50,
        "38": 50,
        "39": 50,
        "40": 50,
        "41": 50,
        "42": 50,
        "43": 50,
        "44": 50,
        "45": 50,
        "46": 50,
        "47": 50,
        "48": 50,
        "49": 50,
        "50": 50
      },
      "smoking": false,
      "onlineDescription": "Hello,<br /><em>This </em>is <strong>smart</strong> <u>text</u>.",
      "address": {
        "addressId": 0,
        "addressLine1": "",
        "addressLine2": "",
        "addressLine3": "",
        "country_Id": 0,
        "country": "",
        "state_id": 0,
        "state": "",
        "city": "",
        "postalCode": ""
      },
      "images": {
        "thumbs": [
          "https://lipsum.app/id/64/400x360",
          "https://lipsum.app/id/61/400x360",
          "https://lipsum.app/id/63/400x360"
        ],
        "large": [
          "https://lipsum.app/id/64/1600x1080",
          "https://lipsum.app/id/61/1600x1080",
          "https://lipsum.app/id/63/1600x1080"
        ]
      },
      "roomFilters": [
        {
          "categoryId": 78,
          "categoryName": "Amenities",
          "filters": [
            {
              "filterId": 85,
              "filterName": "Lunch"
            }
          ]
        },
        {
          "categoryId": 79,
          "categoryName": "Bedroom",
          "filters": [
            {
              "filterId": 80,
              "filterName": "1 Bed"
            }
          ]
        },
        {
          "categoryId": 87,
          "categoryName": "Smoking",
          "filters": [
            {
              "filterId": 88,
              "filterName": "Yes"
            }
          ]
        }
      ],
      "id": "83f5"
    },
    {
      "roomTypeId": 6,
      "roomId": "3",
      "companyId": 1,
      "siteId": 1,
      "name": "523",
      "description": "1 queen bed no bath",
      "roomSize": "",
      "bedsize": "",
      "noOfBeds": 1,
      "checkInTime": "01:00 PM",
      "checkOutTime": "11:30 AM",
      "websiteView": 1,
      "ageGroupPersons": [
        "1_1",
        "2_1",
        "3_1",
        "5_1"
      ],
      "noOfAvailableRooms": 1,
      "defaultRate": null,
      "rateMap": {
        "1": 129,
        "2": 0,
        "3": 0,
        "4": 0,
        "5": 249,
        "6": 200,
        "7": 50,
        "8": 50,
        "9": 50,
        "10": 50,
        "11": 50,
        "12": 50,
        "13": 50,
        "14": 50,
        "15": 50,
        "16": 50,
        "17": 50,
        "18": 50,
        "19": 50,
        "20": 50,
        "21": 50,
        "22": 50,
        "23": 50,
        "24": 50,
        "25": 50,
        "26": 50,
        "27": 50,
        "28": 50,
        "29": 50,
        "30": 50,
        "31": 50,
        "32": 50,
        "33": 50,
        "34": 50,
        "35": 50,
        "36": 50,
        "37": 50,
        "38": 50,
        "39": 50,
        "40": 50,
        "41": 50,
        "42": 50,
        "43": 50,
        "44": 50,
        "45": 50,
        "46": 50,
        "47": 50,
        "48": 50,
        "49": 50,
        "50": 50
      },
      "smoking": false,
      "onlineDescription": "Hello,<br /><em>This </em>is <strong>smart</strong> <u>text</u>.",
      "address": {
        "addressId": 5552,
        "addressLine1": "1600 Northstar",
        "addressLine2": "",
        "addressLine3": "",
        "country_Id": 2,
        "country": "United States",
        "state_id": 3,
        "state": "New York",
        "city": "New York City",
        "postalCode": "12345"
      },
      "images": {
        "thumbs": [
          "https://lipsum.app/id/65/400x360",
          "https://lipsum.app/id/61/400x360",
          "https://lipsum.app/id/63/400x360"
        ],
        "large": [
          "https://lipsum.app/id/65/1600x1080",
          "https://lipsum.app/id/61/1600x1080",
          "https://lipsum.app/id/63/1600x1080"
        ]
      },
      "roomFilters": null,
      "id": "6be3"
    },
    {
      "roomTypeId": 6,
      "roomId": "4",
      "companyId": 1,
      "siteId": 1,
      "name": "533",
      "description": "1 queen bed no bath",
      "roomSize": "",
      "bedsize": "",
      "noOfBeds": 1,
      "checkInTime": "01:00 PM",
      "checkOutTime": "11:30 AM",
      "websiteView": 1,
      "ageGroupPersons": [
        "1_1",
        "2_1",
        "3_1",
        "5_1"
      ],
      "noOfAvailableRooms": 1,
      "defaultRate": null,
      "rateMap": {
        "1": 129,
        "2": 0,
        "3": 0,
        "4": 0,
        "5": 249,
        "6": 200,
        "7": 50,
        "8": 50,
        "9": 50,
        "10": 50,
        "11": 50,
        "12": 50,
        "13": 50,
        "14": 50,
        "15": 50,
        "16": 50,
        "17": 50,
        "18": 50,
        "19": 50,
        "20": 50,
        "21": 50,
        "22": 50,
        "23": 50,
        "24": 50,
        "25": 50,
        "26": 50,
        "27": 50,
        "28": 50,
        "29": 50,
        "30": 50,
        "31": 50,
        "32": 50,
        "33": 50,
        "34": 50,
        "35": 50,
        "36": 50,
        "37": 50,
        "38": 50,
        "39": 50,
        "40": 50,
        "41": 50,
        "42": 50,
        "43": 50,
        "44": 50,
        "45": 50,
        "46": 50,
        "47": 50,
        "48": 50,
        "49": 50,
        "50": 50
      },
      "smoking": false,
      "onlineDescription": "Hello,<br /><em>This </em>is <strong>smart</strong> <u>text</u>.",
      "address": {
        "addressId": 5552,
        "addressLine1": "1600 Northstar",
        "addressLine2": "",
        "addressLine3": "",
        "country_Id": 2,
        "country": "United States",
        "state_id": 3,
        "state": "New York",
        "city": "New York City",
        "postalCode": "12345"
      },
      "images": {
        "thumbs": [
          "https://lipsum.app/id/66/400x360",
          "https://lipsum.app/id/61/400x360",
          "https://lipsum.app/id/63/400x360"
        ],
        "large": [
          "https://lipsum.app/id/66/1600x1080",
          "https://lipsum.app/id/61/1600x1080",
          "https://lipsum.app/id/63/1600x1080"
        ]
      },
      "roomFilters": [
        {
          "categoryId": 79,
          "categoryName": "Bedroom",
          "filters": [
            {
              "filterId": 80,
              "filterName": "1 Bed"
            }
          ]
        }
      ],
      "id": "8ac7"
    },
    {
      "roomTypeId": 1,
      "roomId": "5",
      "companyId": 1,
      "siteId": 1,
      "name": "VIP Suite",
      "description": "1 queen bed - sofa-bed with bath",
      "roomSize": "",
      "bedsize": "",
      "noOfBeds": 1,
      "checkInTime": "01:00 PM",
      "checkOutTime": "11:30 AM",
      "websiteView": 0,
      "ageGroupPersons": [],
      "noOfAvailableRooms": 2,
      "defaultRate": 200,
      "rateMap": {
        "1": 129,
        "2": 0,
        "3": 0,
        "4": 0,
        "5": 249,
        "6": 200,
        "7": 50,
        "8": 50,
        "9": 50,
        "10": 50,
        "11": 50,
        "12": 50,
        "13": 50,
        "14": 50,
        "15": 50,
        "16": 50,
        "17": 50,
        "18": 50,
        "19": 50,
        "20": 50,
        "21": 50,
        "22": 50,
        "23": 50,
        "24": 50,
        "25": 50,
        "26": 50,
        "27": 50,
        "28": 50,
        "29": 50,
        "30": 50,
        "31": 50,
        "32": 50,
        "33": 50,
        "34": 50,
        "35": 50,
        "36": 50,
        "37": 50,
        "38": 50,
        "39": 50,
        "40": 50,
        "41": 50,
        "42": 50,
        "43": 50,
        "44": 50,
        "45": 50,
        "46": 50,
        "47": 50,
        "48": 50,
        "49": 50,
        "50": 50
      },
      "smoking": false,
      "onlineDescription": "Hello,<br /><em>This </em>is <strong>smart</strong> <u>text</u>.",
      "address": {
        "addressId": 5551,
        "addressLine1": "1600 Northstar",
        "addressLine2": "",
        "addressLine3": "",
        "country_Id": 2,
        "country": "United States",
        "state_id": 3,
        "state": "New York",
        "city": "New York City",
        "postalCode": "12345"
      },
      "images": {
        "thumbs": [
          "https://lipsum.app/id/68/400x360",
          "https://lipsum.app/id/61/400x360",
          "https://lipsum.app/id/63/400x360"
        ],
        "large": [
          "https://lipsum.app/id/67/1600x1080",
          "https://lipsum.app/id/61/1600x1080",
          "https://lipsum.app/id/63/1600x1080"
        ]
      },
      "roomFilters": [
        {
          "categoryId": 78,
          "categoryName": "Amenities",
          "filters": [
            {
              "filterId": 81,
              "filterName": "Breakfast"
            },
            {
              "filterId": 85,
              "filterName": "Lunch"
            }
          ]
        },
        {
          "categoryId": 79,
          "categoryName": "Bedroom",
          "filters": [
            {
              "filterId": 80,
              "filterName": "1 Bed"
            }
          ]
        },
        {
          "categoryId": 87,
          "categoryName": "Smoking",
          "filters": [
            {
              "filterId": 88,
              "filterName": "Yes"
            }
          ]
        }
      ],
      "id": "5529"
    },
    {
      "roomTypeId": 2,
      "roomId": "6",
      "companyId": 1,
      "siteId": 1,
      "name": "King",
      "description": "1 king bed with bath",
      "roomSize": "",
      "bedsize": "",
      "noOfBeds": 1,
      "checkInTime": "01:00 PM",
      "checkOutTime": "11:30 AM",
      "websiteView": 0,
      "ageGroupPersons": [
        "1_3",
        "2_3",
        "3_3",
        "5_3"
      ],
      "noOfAvailableRooms": 9,
      "defaultRate": null,
      "rateMap": {
        "1": 129,
        "2": 0,
        "3": 0,
        "4": 0,
        "5": 249,
        "6": 200,
        "7": 50,
        "8": 50,
        "9": 50,
        "10": 50,
        "11": 50,
        "12": 50,
        "13": 50,
        "14": 50,
        "15": 50,
        "16": 50,
        "17": 50,
        "18": 50,
        "19": 50,
        "20": 50,
        "21": 50,
        "22": 50,
        "23": 50,
        "24": 50,
        "25": 50,
        "26": 50,
        "27": 50,
        "28": 50,
        "29": 50,
        "30": 50,
        "31": 50,
        "32": 50,
        "33": 50,
        "34": 50,
        "35": 50,
        "36": 50,
        "37": 50,
        "38": 50,
        "39": 50,
        "40": 50,
        "41": 50,
        "42": 50,
        "43": 50,
        "44": 50,
        "45": 50,
        "46": 50,
        "47": 50,
        "48": 50,
        "49": 50,
        "50": 50
      },
      "smoking": false,
      "onlineDescription": "Hello,<br /><em>This </em>is <strong>smart</strong> <u>text</u>.",
      "address": {
        "addressId": 0,
        "addressLine1": "",
        "addressLine2": "",
        "addressLine3": "",
        "country_Id": 0,
        "country": "",
        "state_id": 0,
        "state": "",
        "city": "",
        "postalCode": ""
      },
      "images": {
        "thumbs": [
          "https://lipsum.app/id/65/400x360",
          "https://lipsum.app/id/61/400x360",
          "https://lipsum.app/id/63/400x360"
        ],
        "large": [
          "https://lipsum.app/id/64/1600x1080",
          "https://lipsum.app/id/61/1600x1080",
          "https://lipsum.app/id/63/1600x1080"
        ]
      },
      "roomFilters": [
        {
          "categoryId": 78,
          "categoryName": "Amenities",
          "filters": [
            {
              "filterId": 85,
              "filterName": "Lunch"
            }
          ]
        },
        {
          "categoryId": 79,
          "categoryName": "Bedroom",
          "filters": [
            {
              "filterId": 80,
              "filterName": "1 Bed"
            }
          ]
        },
        {
          "categoryId": 87,
          "categoryName": "Smoking",
          "filters": [
            {
              "filterId": 88,
              "filterName": "Yes"
            }
          ]
        }
      ],
      "id": "83f5"
    },
    {
      "roomTypeId": 6,
      "roomId": "7",
      "companyId": 1,
      "siteId": 1,
      "name": "523",
      "description": "1 queen bed no bath",
      "roomSize": "",
      "bedsize": "",
      "noOfBeds": 1,
      "checkInTime": "01:00 PM",
      "checkOutTime": "11:30 AM",
      "websiteView": 1,
      "ageGroupPersons": [
        "1_1",
        "2_1",
        "3_1",
        "5_1"
      ],
      "noOfAvailableRooms": 1,
      "defaultRate": null,
      "rateMap": {
        "1": 129,
        "2": 0,
        "3": 0,
        "4": 0,
        "5": 249,
        "6": 200,
        "7": 50,
        "8": 50,
        "9": 50,
        "10": 50,
        "11": 50,
        "12": 50,
        "13": 50,
        "14": 50,
        "15": 50,
        "16": 50,
        "17": 50,
        "18": 50,
        "19": 50,
        "20": 50,
        "21": 50,
        "22": 50,
        "23": 50,
        "24": 50,
        "25": 50,
        "26": 50,
        "27": 50,
        "28": 50,
        "29": 50,
        "30": 50,
        "31": 50,
        "32": 50,
        "33": 50,
        "34": 50,
        "35": 50,
        "36": 50,
        "37": 50,
        "38": 50,
        "39": 50,
        "40": 50,
        "41": 50,
        "42": 50,
        "43": 50,
        "44": 50,
        "45": 50,
        "46": 50,
        "47": 50,
        "48": 50,
        "49": 50,
        "50": 50
      },
      "smoking": false,
      "onlineDescription": "Hello,<br /><em>This </em>is <strong>smart</strong> <u>text</u>.",
      "address": {
        "addressId": 5552,
        "addressLine1": "1600 Northstar",
        "addressLine2": "",
        "addressLine3": "",
        "country_Id": 2,
        "country": "United States",
        "state_id": 3,
        "state": "New York",
        "city": "New York City",
        "postalCode": "12345"
      },
      "images": {
        "thumbs": [
          "https://lipsum.app/id/65/400x360",
          "https://lipsum.app/id/61/400x360",
          "https://lipsum.app/id/63/400x360"
        ],
        "large": [
          "https://lipsum.app/id/65/1600x1080",
          "https://lipsum.app/id/61/1600x1080",
          "https://lipsum.app/id/63/1600x1080"
        ]
      },
      "roomFilters": null,
      "id": "6be3"
    },
    {
      "roomTypeId": 6,
      "roomId": "8",
      "companyId": 1,
      "siteId": 1,
      "name": "533",
      "description": "1 queen bed no bath",
      "roomSize": "",
      "bedsize": "",
      "noOfBeds": 1,
      "checkInTime": "01:00 PM",
      "checkOutTime": "11:30 AM",
      "websiteView": 1,
      "ageGroupPersons": [
        "1_1",
        "2_1",
        "3_1",
        "5_1"
      ],
      "noOfAvailableRooms": 1,
      "defaultRate": null,
      "rateMap": {
        "1": 129,
        "2": 0,
        "3": 0,
        "4": 0,
        "5": 249,
        "6": 200,
        "7": 50,
        "8": 50,
        "9": 50,
        "10": 50,
        "11": 50,
        "12": 50,
        "13": 50,
        "14": 50,
        "15": 50,
        "16": 50,
        "17": 50,
        "18": 50,
        "19": 50,
        "20": 50,
        "21": 50,
        "22": 50,
        "23": 50,
        "24": 50,
        "25": 50,
        "26": 50,
        "27": 50,
        "28": 50,
        "29": 50,
        "30": 50,
        "31": 50,
        "32": 50,
        "33": 50,
        "34": 50,
        "35": 50,
        "36": 50,
        "37": 50,
        "38": 50,
        "39": 50,
        "40": 50,
        "41": 50,
        "42": 50,
        "43": 50,
        "44": 50,
        "45": 50,
        "46": 50,
        "47": 50,
        "48": 50,
        "49": 50,
        "50": 50
      },
      "smoking": false,
      "onlineDescription": "Hello,<br /><em>This </em>is <strong>smart</strong> <u>text</u>.",
      "address": {
        "addressId": 5552,
        "addressLine1": "1600 Northstar",
        "addressLine2": "",
        "addressLine3": "",
        "country_Id": 2,
        "country": "United States",
        "state_id": 3,
        "state": "New York",
        "city": "New York City",
        "postalCode": "12345"
      },
      "images": {
        "thumbs": [
          "https://lipsum.app/id/66/400x360",
          "https://lipsum.app/id/61/400x360",
          "https://lipsum.app/id/63/400x360"
        ],
        "large": [
          "https://lipsum.app/id/66/1600x1080",
          "https://lipsum.app/id/61/1600x1080",
          "https://lipsum.app/id/63/1600x1080"
        ]
      },
      "roomFilters": [
        {
          "categoryId": 79,
          "categoryName": "Bedroom",
          "filters": [
            {
              "filterId": 80,
              "filterName": "1 Bed"
            }
          ]
        }
      ],
      "id": "8ac7"
    },
    {
      "roomTypeId": 1,
      "roomId": "9",
      "companyId": 1,
      "siteId": 1,
      "name": "VIP Suite",
      "description": "1 queen bed - sofa-bed with bath",
      "roomSize": "",
      "bedsize": "",
      "noOfBeds": 1,
      "checkInTime": "01:00 PM",
      "checkOutTime": "11:30 AM",
      "websiteView": 0,
      "ageGroupPersons": [],
      "noOfAvailableRooms": 2,
      "defaultRate": 200,
      "rateMap": {
        "1": 129,
        "2": 0,
        "3": 0,
        "4": 0,
        "5": 249,
        "6": 200,
        "7": 50,
        "8": 50,
        "9": 50,
        "10": 50,
        "11": 50,
        "12": 50,
        "13": 50,
        "14": 50,
        "15": 50,
        "16": 50,
        "17": 50,
        "18": 50,
        "19": 50,
        "20": 50,
        "21": 50,
        "22": 50,
        "23": 50,
        "24": 50,
        "25": 50,
        "26": 50,
        "27": 50,
        "28": 50,
        "29": 50,
        "30": 50,
        "31": 50,
        "32": 50,
        "33": 50,
        "34": 50,
        "35": 50,
        "36": 50,
        "37": 50,
        "38": 50,
        "39": 50,
        "40": 50,
        "41": 50,
        "42": 50,
        "43": 50,
        "44": 50,
        "45": 50,
        "46": 50,
        "47": 50,
        "48": 50,
        "49": 50,
        "50": 50
      },
      "smoking": false,
      "onlineDescription": "Hello,<br /><em>This </em>is <strong>smart</strong> <u>text</u>.",
      "address": {
        "addressId": 5551,
        "addressLine1": "1600 Northstar",
        "addressLine2": "",
        "addressLine3": "",
        "country_Id": 2,
        "country": "United States",
        "state_id": 3,
        "state": "New York",
        "city": "New York City",
        "postalCode": "12345"
      },
      "images": {
        "thumbs": [
          "https://lipsum.app/id/69/400x360",
          "https://lipsum.app/id/61/400x360",
          "https://lipsum.app/id/63/400x360"
        ],
        "large": [
          "https://lipsum.app/id/67/1600x1080",
          "https://lipsum.app/id/61/1600x1080",
          "https://lipsum.app/id/63/1600x1080"
        ]
      },
      "roomFilters": [
        {
          "categoryId": 78,
          "categoryName": "Amenities",
          "filters": [
            {
              "filterId": 81,
              "filterName": "Breakfast"
            },
            {
              "filterId": 85,
              "filterName": "Lunch"
            }
          ]
        },
        {
          "categoryId": 79,
          "categoryName": "Bedroom",
          "filters": [
            {
              "filterId": 80,
              "filterName": "1 Bed"
            }
          ]
        },
        {
          "categoryId": 87,
          "categoryName": "Smoking",
          "filters": [
            {
              "filterId": 88,
              "filterName": "Yes"
            }
          ]
        }
      ],
      "id": "5529"
    },
    {
      "roomTypeId": 2,
      "roomId": "10",
      "companyId": 1,
      "siteId": 1,
      "name": "King",
      "description": "1 king bed with bath",
      "roomSize": "",
      "bedsize": "",
      "noOfBeds": 1,
      "checkInTime": "01:00 PM",
      "checkOutTime": "11:30 AM",
      "websiteView": 0,
      "ageGroupPersons": [
        "1_3",
        "2_3",
        "3_3",
        "5_3"
      ],
      "noOfAvailableRooms": 9,
      "defaultRate": null,
      "rateMap": {
        "1": 129,
        "2": 0,
        "3": 0,
        "4": 0,
        "5": 249,
        "6": 200,
        "7": 50,
        "8": 50,
        "9": 50,
        "10": 50,
        "11": 50,
        "12": 50,
        "13": 50,
        "14": 50,
        "15": 50,
        "16": 50,
        "17": 50,
        "18": 50,
        "19": 50,
        "20": 50,
        "21": 50,
        "22": 50,
        "23": 50,
        "24": 50,
        "25": 50,
        "26": 50,
        "27": 50,
        "28": 50,
        "29": 50,
        "30": 50,
        "31": 50,
        "32": 50,
        "33": 50,
        "34": 50,
        "35": 50,
        "36": 50,
        "37": 50,
        "38": 50,
        "39": 50,
        "40": 50,
        "41": 50,
        "42": 50,
        "43": 50,
        "44": 50,
        "45": 50,
        "46": 50,
        "47": 50,
        "48": 50,
        "49": 50,
        "50": 50
      },
      "smoking": false,
      "onlineDescription": "Hello,<br /><em>This </em>is <strong>smart</strong> <u>text</u>.",
      "address": {
        "addressId": 0,
        "addressLine1": "",
        "addressLine2": "",
        "addressLine3": "",
        "country_Id": 0,
        "country": "",
        "state_id": 0,
        "state": "",
        "city": "",
        "postalCode": ""
      },
      "images": {
        "thumbs": [
          "https://lipsum.app/id/66/400x360",
          "https://lipsum.app/id/61/400x360",
          "https://lipsum.app/id/63/400x360"
        ],
        "large": [
          "https://lipsum.app/id/64/1600x1080",
          "https://lipsum.app/id/61/1600x1080",
          "https://lipsum.app/id/63/1600x1080"
        ]
      },
      "roomFilters": [
        {
          "categoryId": 78,
          "categoryName": "Amenities",
          "filters": [
            {
              "filterId": 85,
              "filterName": "Lunch"
            }
          ]
        },
        {
          "categoryId": 79,
          "categoryName": "Bedroom",
          "filters": [
            {
              "filterId": 80,
              "filterName": "1 Bed"
            }
          ]
        },
        {
          "categoryId": 87,
          "categoryName": "Smoking",
          "filters": [
            {
              "filterId": 88,
              "filterName": "Yes"
            }
          ]
        }
      ],
      "id": "83f5"
    },
    {
      "roomTypeId": 6,
      "roomId": "11",
      "companyId": 1,
      "siteId": 1,
      "name": "523",
      "description": "1 queen bed no bath",
      "roomSize": "",
      "bedsize": "",
      "noOfBeds": 1,
      "checkInTime": "01:00 PM",
      "checkOutTime": "11:30 AM",
      "websiteView": 1,
      "ageGroupPersons": [
        "1_1",
        "2_1",
        "3_1",
        "5_1"
      ],
      "noOfAvailableRooms": 1,
      "defaultRate": null,
      "rateMap": {
        "1": 129,
        "2": 0,
        "3": 0,
        "4": 0,
        "5": 249,
        "6": 200,
        "7": 50,
        "8": 50,
        "9": 50,
        "10": 50,
        "11": 50,
        "12": 50,
        "13": 50,
        "14": 50,
        "15": 50,
        "16": 50,
        "17": 50,
        "18": 50,
        "19": 50,
        "20": 50,
        "21": 50,
        "22": 50,
        "23": 50,
        "24": 50,
        "25": 50,
        "26": 50,
        "27": 50,
        "28": 50,
        "29": 50,
        "30": 50,
        "31": 50,
        "32": 50,
        "33": 50,
        "34": 50,
        "35": 50,
        "36": 50,
        "37": 50,
        "38": 50,
        "39": 50,
        "40": 50,
        "41": 50,
        "42": 50,
        "43": 50,
        "44": 50,
        "45": 50,
        "46": 50,
        "47": 50,
        "48": 50,
        "49": 50,
        "50": 50
      },
      "smoking": false,
      "onlineDescription": "Hello,<br /><em>This </em>is <strong>smart</strong> <u>text</u>.",
      "address": {
        "addressId": 5552,
        "addressLine1": "1600 Northstar",
        "addressLine2": "",
        "addressLine3": "",
        "country_Id": 2,
        "country": "United States",
        "state_id": 3,
        "state": "New York",
        "city": "New York City",
        "postalCode": "12345"
      },
      "images": {
        "thumbs": [
          "https://lipsum.app/id/65/400x360",
          "https://lipsum.app/id/61/400x360",
          "https://lipsum.app/id/63/400x360"
        ],
        "large": [
          "https://lipsum.app/id/65/1600x1080",
          "https://lipsum.app/id/61/1600x1080",
          "https://lipsum.app/id/63/1600x1080"
        ]
      },
      "roomFilters": null,
      "id": "6be3"
    },
    {
      "roomTypeId": 6,
      "roomId": "12",
      "companyId": 1,
      "siteId": 1,
      "name": "533",
      "description": "1 queen bed no bath",
      "roomSize": "",
      "bedsize": "",
      "noOfBeds": 1,
      "checkInTime": "01:00 PM",
      "checkOutTime": "11:30 AM",
      "websiteView": 1,
      "ageGroupPersons": [
        "1_1",
        "2_1",
        "3_1",
        "5_1"
      ],
      "noOfAvailableRooms": 1,
      "defaultRate": null,
      "rateMap": {
        "1": 129,
        "2": 0,
        "3": 0,
        "4": 0,
        "5": 249,
        "6": 200,
        "7": 50,
        "8": 50,
        "9": 50,
        "10": 50,
        "11": 50,
        "12": 50,
        "13": 50,
        "14": 50,
        "15": 50,
        "16": 50,
        "17": 50,
        "18": 50,
        "19": 50,
        "20": 50,
        "21": 50,
        "22": 50,
        "23": 50,
        "24": 50,
        "25": 50,
        "26": 50,
        "27": 50,
        "28": 50,
        "29": 50,
        "30": 50,
        "31": 50,
        "32": 50,
        "33": 50,
        "34": 50,
        "35": 50,
        "36": 50,
        "37": 50,
        "38": 50,
        "39": 50,
        "40": 50,
        "41": 50,
        "42": 50,
        "43": 50,
        "44": 50,
        "45": 50,
        "46": 50,
        "47": 50,
        "48": 50,
        "49": 50,
        "50": 50
      },
      "smoking": false,
      "onlineDescription": "Hello,<br /><em>This </em>is <strong>smart</strong> <u>text</u>.",
      "address": {
        "addressId": 5552,
        "addressLine1": "1600 Northstar",
        "addressLine2": "",
        "addressLine3": "",
        "country_Id": 2,
        "country": "United States",
        "state_id": 3,
        "state": "New York",
        "city": "New York City",
        "postalCode": "12345"
      },
      "images": {
        "thumbs": [
          "https://lipsum.app/id/66/400x360",
          "https://lipsum.app/id/61/400x360",
          "https://lipsum.app/id/63/400x360"
        ],
        "large": [
          "https://lipsum.app/id/66/1600x1080",
          "https://lipsum.app/id/61/1600x1080",
          "https://lipsum.app/id/63/1600x1080"
        ]
      },
      "roomFilters": [
        {
          "categoryId": 79,
          "categoryName": "Bedroom",
          "filters": [
            {
              "filterId": 80,
              "filterName": "1 Bed"
            }
          ]
        }
      ],
      "id": "8ac7"
    },
    {
      "roomTypeId": 1,
      "roomId": "13",
      "companyId": 1,
      "siteId": 1,
      "name": "VIP Suite",
      "description": "1 queen bed - sofa-bed with bath",
      "roomSize": "",
      "bedsize": "",
      "noOfBeds": 1,
      "checkInTime": "01:00 PM",
      "checkOutTime": "11:30 AM",
      "websiteView": 0,
      "ageGroupPersons": [],
      "noOfAvailableRooms": 2,
      "defaultRate": 200,
      "rateMap": {
        "1": 129,
        "2": 0,
        "3": 0,
        "4": 0,
        "5": 249,
        "6": 200,
        "7": 50,
        "8": 50,
        "9": 50,
        "10": 50,
        "11": 50,
        "12": 50,
        "13": 50,
        "14": 50,
        "15": 50,
        "16": 50,
        "17": 50,
        "18": 50,
        "19": 50,
        "20": 50,
        "21": 50,
        "22": 50,
        "23": 50,
        "24": 50,
        "25": 50,
        "26": 50,
        "27": 50,
        "28": 50,
        "29": 50,
        "30": 50,
        "31": 50,
        "32": 50,
        "33": 50,
        "34": 50,
        "35": 50,
        "36": 50,
        "37": 50,
        "38": 50,
        "39": 50,
        "40": 50,
        "41": 50,
        "42": 50,
        "43": 50,
        "44": 50,
        "45": 50,
        "46": 50,
        "47": 50,
        "48": 50,
        "49": 50,
        "50": 50
      },
      "smoking": false,
      "onlineDescription": "Hello,<br /><em>This </em>is <strong>smart</strong> <u>text</u>.",
      "address": {
        "addressId": 5551,
        "addressLine1": "1600 Northstar",
        "addressLine2": "",
        "addressLine3": "",
        "country_Id": 2,
        "country": "United States",
        "state_id": 3,
        "state": "New York",
        "city": "New York City",
        "postalCode": "12345"
      },
      "images": {
        "thumbs": [
          "https://lipsum.app/id/610/400x360",
          "https://lipsum.app/id/61/400x360",
          "https://lipsum.app/id/63/400x360"
        ],
        "large": [
          "https://lipsum.app/id/67/1600x1080",
          "https://lipsum.app/id/61/1600x1080",
          "https://lipsum.app/id/63/1600x1080"
        ]
      },
      "roomFilters": [
        {
          "categoryId": 78,
          "categoryName": "Amenities",
          "filters": [
            {
              "filterId": 81,
              "filterName": "Breakfast"
            },
            {
              "filterId": 85,
              "filterName": "Lunch"
            }
          ]
        },
        {
          "categoryId": 79,
          "categoryName": "Bedroom",
          "filters": [
            {
              "filterId": 80,
              "filterName": "1 Bed"
            }
          ]
        },
        {
          "categoryId": 87,
          "categoryName": "Smoking",
          "filters": [
            {
              "filterId": 88,
              "filterName": "Yes"
            }
          ]
        }
      ],
      "id": "5529"
    },
    {
      "roomTypeId": 2,
      "roomId": "14",
      "companyId": 1,
      "siteId": 1,
      "name": "King",
      "description": "1 king bed with bath",
      "roomSize": "",
      "bedsize": "",
      "noOfBeds": 1,
      "checkInTime": "01:00 PM",
      "checkOutTime": "11:30 AM",
      "websiteView": 0,
      "ageGroupPersons": [
        "1_3",
        "2_3",
        "3_3",
        "5_3"
      ],
      "noOfAvailableRooms": 9,
      "defaultRate": null,
      "rateMap": {
        "1": 129,
        "2": 0,
        "3": 0,
        "4": 0,
        "5": 249,
        "6": 200,
        "7": 50,
        "8": 50,
        "9": 50,
        "10": 50,
        "11": 50,
        "12": 50,
        "13": 50,
        "14": 50,
        "15": 50,
        "16": 50,
        "17": 50,
        "18": 50,
        "19": 50,
        "20": 50,
        "21": 50,
        "22": 50,
        "23": 50,
        "24": 50,
        "25": 50,
        "26": 50,
        "27": 50,
        "28": 50,
        "29": 50,
        "30": 50,
        "31": 50,
        "32": 50,
        "33": 50,
        "34": 50,
        "35": 50,
        "36": 50,
        "37": 50,
        "38": 50,
        "39": 50,
        "40": 50,
        "41": 50,
        "42": 50,
        "43": 50,
        "44": 50,
        "45": 50,
        "46": 50,
        "47": 50,
        "48": 50,
        "49": 50,
        "50": 50
      },
      "smoking": false,
      "onlineDescription": "Hello,<br /><em>This </em>is <strong>smart</strong> <u>text</u>.",
      "address": {
        "addressId": 0,
        "addressLine1": "",
        "addressLine2": "",
        "addressLine3": "",
        "country_Id": 0,
        "country": "",
        "state_id": 0,
        "state": "",
        "city": "",
        "postalCode": ""
      },
      "images": {
        "thumbs": [
          "https://lipsum.app/id/67/400x360",
          "https://lipsum.app/id/61/400x360",
          "https://lipsum.app/id/63/400x360"
        ],
        "large": [
          "https://lipsum.app/id/64/1600x1080",
          "https://lipsum.app/id/61/1600x1080",
          "https://lipsum.app/id/63/1600x1080"
        ]
      },
      "roomFilters": [
        {
          "categoryId": 78,
          "categoryName": "Amenities",
          "filters": [
            {
              "filterId": 85,
              "filterName": "Lunch"
            }
          ]
        },
        {
          "categoryId": 79,
          "categoryName": "Bedroom",
          "filters": [
            {
              "filterId": 80,
              "filterName": "1 Bed"
            }
          ]
        },
        {
          "categoryId": 87,
          "categoryName": "Smoking",
          "filters": [
            {
              "filterId": 88,
              "filterName": "Yes"
            }
          ]
        }
      ],
      "id": "83f5"
    },
    {
      "roomTypeId": 6,
      "roomId": "15",
      "companyId": 1,
      "siteId": 1,
      "name": "523",
      "description": "1 queen bed no bath",
      "roomSize": "",
      "bedsize": "",
      "noOfBeds": 1,
      "checkInTime": "01:00 PM",
      "checkOutTime": "11:30 AM",
      "websiteView": 1,
      "ageGroupPersons": [
        "1_1",
        "2_1",
        "3_1",
        "5_1"
      ],
      "noOfAvailableRooms": 1,
      "defaultRate": null,
      "rateMap": {
        "1": 129,
        "2": 0,
        "3": 0,
        "4": 0,
        "5": 249,
        "6": 200,
        "7": 50,
        "8": 50,
        "9": 50,
        "10": 50,
        "11": 50,
        "12": 50,
        "13": 50,
        "14": 50,
        "15": 50,
        "16": 50,
        "17": 50,
        "18": 50,
        "19": 50,
        "20": 50,
        "21": 50,
        "22": 50,
        "23": 50,
        "24": 50,
        "25": 50,
        "26": 50,
        "27": 50,
        "28": 50,
        "29": 50,
        "30": 50,
        "31": 50,
        "32": 50,
        "33": 50,
        "34": 50,
        "35": 50,
        "36": 50,
        "37": 50,
        "38": 50,
        "39": 50,
        "40": 50,
        "41": 50,
        "42": 50,
        "43": 50,
        "44": 50,
        "45": 50,
        "46": 50,
        "47": 50,
        "48": 50,
        "49": 50,
        "50": 50
      },
      "smoking": false,
      "onlineDescription": "Hello,<br /><em>This </em>is <strong>smart</strong> <u>text</u>.",
      "address": {
        "addressId": 5552,
        "addressLine1": "1600 Northstar",
        "addressLine2": "",
        "addressLine3": "",
        "country_Id": 2,
        "country": "United States",
        "state_id": 3,
        "state": "New York",
        "city": "New York City",
        "postalCode": "12345"
      },
      "images": {
        "thumbs": [
          "https://lipsum.app/id/65/400x360",
          "https://lipsum.app/id/61/400x360",
          "https://lipsum.app/id/63/400x360"
        ],
        "large": [
          "https://lipsum.app/id/65/1600x1080",
          "https://lipsum.app/id/61/1600x1080",
          "https://lipsum.app/id/63/1600x1080"
        ]
      },
      "roomFilters": null,
      "id": "6be3"
    },
    {
      "roomTypeId": 6,
      "roomId": "16",
      "companyId": 1,
      "siteId": 1,
      "name": "533",
      "description": "1 queen bed no bath",
      "roomSize": "",
      "bedsize": "",
      "noOfBeds": 1,
      "checkInTime": "01:00 PM",
      "checkOutTime": "11:30 AM",
      "websiteView": 1,
      "ageGroupPersons": [
        "1_1",
        "2_1",
        "3_1",
        "5_1"
      ],
      "noOfAvailableRooms": 1,
      "defaultRate": null,
      "rateMap": {
        "1": 129,
        "2": 0,
        "3": 0,
        "4": 0,
        "5": 249,
        "6": 200,
        "7": 50,
        "8": 50,
        "9": 50,
        "10": 50,
        "11": 50,
        "12": 50,
        "13": 50,
        "14": 50,
        "15": 50,
        "16": 50,
        "17": 50,
        "18": 50,
        "19": 50,
        "20": 50,
        "21": 50,
        "22": 50,
        "23": 50,
        "24": 50,
        "25": 50,
        "26": 50,
        "27": 50,
        "28": 50,
        "29": 50,
        "30": 50,
        "31": 50,
        "32": 50,
        "33": 50,
        "34": 50,
        "35": 50,
        "36": 50,
        "37": 50,
        "38": 50,
        "39": 50,
        "40": 50,
        "41": 50,
        "42": 50,
        "43": 50,
        "44": 50,
        "45": 50,
        "46": 50,
        "47": 50,
        "48": 50,
        "49": 50,
        "50": 50
      },
      "smoking": false,
      "onlineDescription": "Hello,<br /><em>This </em>is <strong>smart</strong> <u>text</u>.",
      "address": {
        "addressId": 5552,
        "addressLine1": "1600 Northstar",
        "addressLine2": "",
        "addressLine3": "",
        "country_Id": 2,
        "country": "United States",
        "state_id": 3,
        "state": "New York",
        "city": "New York City",
        "postalCode": "12345"
      },
      "images": {
        "thumbs": [
          "https://lipsum.app/id/66/400x360",
          "https://lipsum.app/id/61/400x360",
          "https://lipsum.app/id/63/400x360"
        ],
        "large": [
          "https://lipsum.app/id/66/1600x1080",
          "https://lipsum.app/id/61/1600x1080",
          "https://lipsum.app/id/63/1600x1080"
        ]
      },
      "roomFilters": [
        {
          "categoryId": 79,
          "categoryName": "Bedroom",
          "filters": [
            {
              "filterId": 80,
              "filterName": "1 Bed"
            }
          ]
        }
      ],
      "id": "8ac7"
    },
    {
      "roomTypeId": 1,
      "roomId": "17",
      "companyId": 1,
      "siteId": 1,
      "name": "VIP Suite",
      "description": "1 queen bed - sofa-bed with bath",
      "roomSize": "",
      "bedsize": "",
      "noOfBeds": 1,
      "checkInTime": "01:00 PM",
      "checkOutTime": "11:30 AM",
      "websiteView": 0,
      "ageGroupPersons": [],
      "noOfAvailableRooms": 2,
      "defaultRate": 200,
      "rateMap": {
        "1": 129,
        "2": 0,
        "3": 0,
        "4": 0,
        "5": 249,
        "6": 200,
        "7": 50,
        "8": 50,
        "9": 50,
        "10": 50,
        "11": 50,
        "12": 50,
        "13": 50,
        "14": 50,
        "15": 50,
        "16": 50,
        "17": 50,
        "18": 50,
        "19": 50,
        "20": 50,
        "21": 50,
        "22": 50,
        "23": 50,
        "24": 50,
        "25": 50,
        "26": 50,
        "27": 50,
        "28": 50,
        "29": 50,
        "30": 50,
        "31": 50,
        "32": 50,
        "33": 50,
        "34": 50,
        "35": 50,
        "36": 50,
        "37": 50,
        "38": 50,
        "39": 50,
        "40": 50,
        "41": 50,
        "42": 50,
        "43": 50,
        "44": 50,
        "45": 50,
        "46": 50,
        "47": 50,
        "48": 50,
        "49": 50,
        "50": 50
      },
      "smoking": false,
      "onlineDescription": "Hello,<br /><em>This </em>is <strong>smart</strong> <u>text</u>.",
      "address": {
        "addressId": 5551,
        "addressLine1": "1600 Northstar",
        "addressLine2": "",
        "addressLine3": "",
        "country_Id": 2,
        "country": "United States",
        "state_id": 3,
        "state": "New York",
        "city": "New York City",
        "postalCode": "12345"
      },
      "images": {
        "thumbs": [
          "https://lipsum.app/id/611/400x360",
          "https://lipsum.app/id/61/400x360",
          "https://lipsum.app/id/63/400x360"
        ],
        "large": [
          "https://lipsum.app/id/67/1600x1080",
          "https://lipsum.app/id/61/1600x1080",
          "https://lipsum.app/id/63/1600x1080"
        ]
      },
      "roomFilters": [
        {
          "categoryId": 78,
          "categoryName": "Amenities",
          "filters": [
            {
              "filterId": 81,
              "filterName": "Breakfast"
            },
            {
              "filterId": 85,
              "filterName": "Lunch"
            }
          ]
        },
        {
          "categoryId": 79,
          "categoryName": "Bedroom",
          "filters": [
            {
              "filterId": 80,
              "filterName": "1 Bed"
            }
          ]
        },
        {
          "categoryId": 87,
          "categoryName": "Smoking",
          "filters": [
            {
              "filterId": 88,
              "filterName": "Yes"
            }
          ]
        }
      ],
      "id": "5529"
    },
    {
      "roomTypeId": 2,
      "roomId": "18",
      "companyId": 1,
      "siteId": 1,
      "name": "King",
      "description": "1 king bed with bath",
      "roomSize": "",
      "bedsize": "",
      "noOfBeds": 1,
      "checkInTime": "01:00 PM",
      "checkOutTime": "11:30 AM",
      "websiteView": 0,
      "ageGroupPersons": [
        "1_3",
        "2_3",
        "3_3",
        "5_3"
      ],
      "noOfAvailableRooms": 9,
      "defaultRate": null,
      "rateMap": {
        "1": 129,
        "2": 0,
        "3": 0,
        "4": 0,
        "5": 249,
        "6": 200,
        "7": 50,
        "8": 50,
        "9": 50,
        "10": 50,
        "11": 50,
        "12": 50,
        "13": 50,
        "14": 50,
        "15": 50,
        "16": 50,
        "17": 50,
        "18": 50,
        "19": 50,
        "20": 50,
        "21": 50,
        "22": 50,
        "23": 50,
        "24": 50,
        "25": 50,
        "26": 50,
        "27": 50,
        "28": 50,
        "29": 50,
        "30": 50,
        "31": 50,
        "32": 50,
        "33": 50,
        "34": 50,
        "35": 50,
        "36": 50,
        "37": 50,
        "38": 50,
        "39": 50,
        "40": 50,
        "41": 50,
        "42": 50,
        "43": 50,
        "44": 50,
        "45": 50,
        "46": 50,
        "47": 50,
        "48": 50,
        "49": 50,
        "50": 50
      },
      "smoking": false,
      "onlineDescription": "Hello,<br /><em>This </em>is <strong>smart</strong> <u>text</u>.",
      "address": {
        "addressId": 0,
        "addressLine1": "",
        "addressLine2": "",
        "addressLine3": "",
        "country_Id": 0,
        "country": "",
        "state_id": 0,
        "state": "",
        "city": "",
        "postalCode": ""
      },
      "images": {
        "thumbs": [
          "https://lipsum.app/id/68/400x360",
          "https://lipsum.app/id/61/400x360",
          "https://lipsum.app/id/63/400x360"
        ],
        "large": [
          "https://lipsum.app/id/64/1600x1080",
          "https://lipsum.app/id/61/1600x1080",
          "https://lipsum.app/id/63/1600x1080"
        ]
      },
      "roomFilters": [
        {
          "categoryId": 78,
          "categoryName": "Amenities",
          "filters": [
            {
              "filterId": 85,
              "filterName": "Lunch"
            }
          ]
        },
        {
          "categoryId": 79,
          "categoryName": "Bedroom",
          "filters": [
            {
              "filterId": 80,
              "filterName": "1 Bed"
            }
          ]
        },
        {
          "categoryId": 87,
          "categoryName": "Smoking",
          "filters": [
            {
              "filterId": 88,
              "filterName": "Yes"
            }
          ]
        }
      ],
      "id": "83f5"
    },
    {
      "roomTypeId": 6,
      "roomId": "19",
      "companyId": 1,
      "siteId": 1,
      "name": "523",
      "description": "1 queen bed no bath",
      "roomSize": "",
      "bedsize": "",
      "noOfBeds": 1,
      "checkInTime": "01:00 PM",
      "checkOutTime": "11:30 AM",
      "websiteView": 1,
      "ageGroupPersons": [
        "1_1",
        "2_1",
        "3_1",
        "5_1"
      ],
      "noOfAvailableRooms": 1,
      "defaultRate": null,
      "rateMap": {
        "1": 129,
        "2": 0,
        "3": 0,
        "4": 0,
        "5": 249,
        "6": 200,
        "7": 50,
        "8": 50,
        "9": 50,
        "10": 50,
        "11": 50,
        "12": 50,
        "13": 50,
        "14": 50,
        "15": 50,
        "16": 50,
        "17": 50,
        "18": 50,
        "19": 50,
        "20": 50,
        "21": 50,
        "22": 50,
        "23": 50,
        "24": 50,
        "25": 50,
        "26": 50,
        "27": 50,
        "28": 50,
        "29": 50,
        "30": 50,
        "31": 50,
        "32": 50,
        "33": 50,
        "34": 50,
        "35": 50,
        "36": 50,
        "37": 50,
        "38": 50,
        "39": 50,
        "40": 50,
        "41": 50,
        "42": 50,
        "43": 50,
        "44": 50,
        "45": 50,
        "46": 50,
        "47": 50,
        "48": 50,
        "49": 50,
        "50": 50
      },
      "smoking": false,
      "onlineDescription": "Hello,<br /><em>This </em>is <strong>smart</strong> <u>text</u>.",
      "address": {
        "addressId": 5552,
        "addressLine1": "1600 Northstar",
        "addressLine2": "",
        "addressLine3": "",
        "country_Id": 2,
        "country": "United States",
        "state_id": 3,
        "state": "New York",
        "city": "New York City",
        "postalCode": "12345"
      },
      "images": {
        "thumbs": [
          "https://lipsum.app/id/65/400x360",
          "https://lipsum.app/id/61/400x360",
          "https://lipsum.app/id/63/400x360"
        ],
        "large": [
          "https://lipsum.app/id/65/1600x1080",
          "https://lipsum.app/id/61/1600x1080",
          "https://lipsum.app/id/63/1600x1080"
        ]
      },
      "roomFilters": null,
      "id": "6be3"
    },
    {
      "roomTypeId": 6,
      "roomId": "20",
      "companyId": 1,
      "siteId": 1,
      "name": "533",
      "description": "1 queen bed no bath",
      "roomSize": "",
      "bedsize": "",
      "noOfBeds": 1,
      "checkInTime": "01:00 PM",
      "checkOutTime": "11:30 AM",
      "websiteView": 1,
      "ageGroupPersons": [
        "1_1",
        "2_1",
        "3_1",
        "5_1"
      ],
      "noOfAvailableRooms": 1,
      "defaultRate": null,
      "rateMap": {
        "1": 129,
        "2": 0,
        "3": 0,
        "4": 0,
        "5": 249,
        "6": 200,
        "7": 50,
        "8": 50,
        "9": 50,
        "10": 50,
        "11": 50,
        "12": 50,
        "13": 50,
        "14": 50,
        "15": 50,
        "16": 50,
        "17": 50,
        "18": 50,
        "19": 50,
        "20": 50,
        "21": 50,
        "22": 50,
        "23": 50,
        "24": 50,
        "25": 50,
        "26": 50,
        "27": 50,
        "28": 50,
        "29": 50,
        "30": 50,
        "31": 50,
        "32": 50,
        "33": 50,
        "34": 50,
        "35": 50,
        "36": 50,
        "37": 50,
        "38": 50,
        "39": 50,
        "40": 50,
        "41": 50,
        "42": 50,
        "43": 50,
        "44": 50,
        "45": 50,
        "46": 50,
        "47": 50,
        "48": 50,
        "49": 50,
        "50": 50
      },
      "smoking": false,
      "onlineDescription": "Hello,<br /><em>This </em>is <strong>smart</strong> <u>text</u>.",
      "address": {
        "addressId": 5552,
        "addressLine1": "1600 Northstar",
        "addressLine2": "",
        "addressLine3": "",
        "country_Id": 2,
        "country": "United States",
        "state_id": 3,
        "state": "New York",
        "city": "New York City",
        "postalCode": "12345"
      },
      "images": {
        "thumbs": [
          "https://lipsum.app/id/66/400x360",
          "https://lipsum.app/id/61/400x360",
          "https://lipsum.app/id/63/400x360"
        ],
        "large": [
          "https://lipsum.app/id/66/1600x1080",
          "https://lipsum.app/id/61/1600x1080",
          "https://lipsum.app/id/63/1600x1080"
        ]
      },
      "roomFilters": [
        {
          "categoryId": 79,
          "categoryName": "Bedroom",
          "filters": [
            {
              "filterId": 80,
              "filterName": "1 Bed"
            }
          ]
        }
      ],
      "id": "8ac7"
    },
    {
      "roomTypeId": 1,
      "roomId": "21",
      "companyId": 1,
      "siteId": 1,
      "name": "VIP Suite",
      "description": "1 queen bed - sofa-bed with bath",
      "roomSize": "",
      "bedsize": "",
      "noOfBeds": 1,
      "checkInTime": "01:00 PM",
      "checkOutTime": "11:30 AM",
      "websiteView": 0,
      "ageGroupPersons": [],
      "noOfAvailableRooms": 2,
      "defaultRate": 200,
      "rateMap": {
        "1": 129,
        "2": 0,
        "3": 0,
        "4": 0,
        "5": 249,
        "6": 200,
        "7": 50,
        "8": 50,
        "9": 50,
        "10": 50,
        "11": 50,
        "12": 50,
        "13": 50,
        "14": 50,
        "15": 50,
        "16": 50,
        "17": 50,
        "18": 50,
        "19": 50,
        "20": 50,
        "21": 50,
        "22": 50,
        "23": 50,
        "24": 50,
        "25": 50,
        "26": 50,
        "27": 50,
        "28": 50,
        "29": 50,
        "30": 50,
        "31": 50,
        "32": 50,
        "33": 50,
        "34": 50,
        "35": 50,
        "36": 50,
        "37": 50,
        "38": 50,
        "39": 50,
        "40": 50,
        "41": 50,
        "42": 50,
        "43": 50,
        "44": 50,
        "45": 50,
        "46": 50,
        "47": 50,
        "48": 50,
        "49": 50,
        "50": 50
      },
      "smoking": false,
      "onlineDescription": "Hello,<br /><em>This </em>is <strong>smart</strong> <u>text</u>.",
      "address": {
        "addressId": 5551,
        "addressLine1": "1600 Northstar",
        "addressLine2": "",
        "addressLine3": "",
        "country_Id": 2,
        "country": "United States",
        "state_id": 3,
        "state": "New York",
        "city": "New York City",
        "postalCode": "12345"
      },
      "images": {
        "thumbs": [
          "https://lipsum.app/id/612/400x360",
          "https://lipsum.app/id/61/400x360",
          "https://lipsum.app/id/63/400x360"
        ],
        "large": [
          "https://lipsum.app/id/67/1600x1080",
          "https://lipsum.app/id/61/1600x1080",
          "https://lipsum.app/id/63/1600x1080"
        ]
      },
      "roomFilters": [
        {
          "categoryId": 78,
          "categoryName": "Amenities",
          "filters": [
            {
              "filterId": 81,
              "filterName": "Breakfast"
            },
            {
              "filterId": 85,
              "filterName": "Lunch"
            }
          ]
        },
        {
          "categoryId": 79,
          "categoryName": "Bedroom",
          "filters": [
            {
              "filterId": 80,
              "filterName": "1 Bed"
            }
          ]
        },
        {
          "categoryId": 87,
          "categoryName": "Smoking",
          "filters": [
            {
              "filterId": 88,
              "filterName": "Yes"
            }
          ]
        }
      ],
      "id": "5529"
    },
    {
      "roomTypeId": 2,
      "roomId": "22",
      "companyId": 1,
      "siteId": 1,
      "name": "King",
      "description": "1 king bed with bath",
      "roomSize": "",
      "bedsize": "",
      "noOfBeds": 1,
      "checkInTime": "01:00 PM",
      "checkOutTime": "11:30 AM",
      "websiteView": 0,
      "ageGroupPersons": [
        "1_3",
        "2_3",
        "3_3",
        "5_3"
      ],
      "noOfAvailableRooms": 9,
      "defaultRate": null,
      "rateMap": {
        "1": 129,
        "2": 0,
        "3": 0,
        "4": 0,
        "5": 249,
        "6": 200,
        "7": 50,
        "8": 50,
        "9": 50,
        "10": 50,
        "11": 50,
        "12": 50,
        "13": 50,
        "14": 50,
        "15": 50,
        "16": 50,
        "17": 50,
        "18": 50,
        "19": 50,
        "20": 50,
        "21": 50,
        "22": 50,
        "23": 50,
        "24": 50,
        "25": 50,
        "26": 50,
        "27": 50,
        "28": 50,
        "29": 50,
        "30": 50,
        "31": 50,
        "32": 50,
        "33": 50,
        "34": 50,
        "35": 50,
        "36": 50,
        "37": 50,
        "38": 50,
        "39": 50,
        "40": 50,
        "41": 50,
        "42": 50,
        "43": 50,
        "44": 50,
        "45": 50,
        "46": 50,
        "47": 50,
        "48": 50,
        "49": 50,
        "50": 50
      },
      "smoking": false,
      "onlineDescription": "Hello,<br /><em>This </em>is <strong>smart</strong> <u>text</u>.",
      "address": {
        "addressId": 0,
        "addressLine1": "",
        "addressLine2": "",
        "addressLine3": "",
        "country_Id": 0,
        "country": "",
        "state_id": 0,
        "state": "",
        "city": "",
        "postalCode": ""
      },
      "images": {
        "thumbs": [
          "https://lipsum.app/id/69/400x360",
          "https://lipsum.app/id/61/400x360",
          "https://lipsum.app/id/63/400x360"
        ],
        "large": [
          "https://lipsum.app/id/64/1600x1080",
          "https://lipsum.app/id/61/1600x1080",
          "https://lipsum.app/id/63/1600x1080"
        ]
      },
      "roomFilters": [
        {
          "categoryId": 78,
          "categoryName": "Amenities",
          "filters": [
            {
              "filterId": 85,
              "filterName": "Lunch"
            }
          ]
        },
        {
          "categoryId": 79,
          "categoryName": "Bedroom",
          "filters": [
            {
              "filterId": 80,
              "filterName": "1 Bed"
            }
          ]
        },
        {
          "categoryId": 87,
          "categoryName": "Smoking",
          "filters": [
            {
              "filterId": 88,
              "filterName": "Yes"
            }
          ]
        }
      ],
      "id": "83f5"
    },
    {
      "roomTypeId": 6,
      "roomId": "23",
      "companyId": 1,
      "siteId": 1,
      "name": "523",
      "description": "1 queen bed no bath",
      "roomSize": "",
      "bedsize": "",
      "noOfBeds": 1,
      "checkInTime": "01:00 PM",
      "checkOutTime": "11:30 AM",
      "websiteView": 1,
      "ageGroupPersons": [
        "1_1",
        "2_1",
        "3_1",
        "5_1"
      ],
      "noOfAvailableRooms": 1,
      "defaultRate": null,
      "rateMap": {
        "1": 129,
        "2": 0,
        "3": 0,
        "4": 0,
        "5": 249,
        "6": 200,
        "7": 50,
        "8": 50,
        "9": 50,
        "10": 50,
        "11": 50,
        "12": 50,
        "13": 50,
        "14": 50,
        "15": 50,
        "16": 50,
        "17": 50,
        "18": 50,
        "19": 50,
        "20": 50,
        "21": 50,
        "22": 50,
        "23": 50,
        "24": 50,
        "25": 50,
        "26": 50,
        "27": 50,
        "28": 50,
        "29": 50,
        "30": 50,
        "31": 50,
        "32": 50,
        "33": 50,
        "34": 50,
        "35": 50,
        "36": 50,
        "37": 50,
        "38": 50,
        "39": 50,
        "40": 50,
        "41": 50,
        "42": 50,
        "43": 50,
        "44": 50,
        "45": 50,
        "46": 50,
        "47": 50,
        "48": 50,
        "49": 50,
        "50": 50
      },
      "smoking": false,
      "onlineDescription": "Hello,<br /><em>This </em>is <strong>smart</strong> <u>text</u>.",
      "address": {
        "addressId": 5552,
        "addressLine1": "1600 Northstar",
        "addressLine2": "",
        "addressLine3": "",
        "country_Id": 2,
        "country": "United States",
        "state_id": 3,
        "state": "New York",
        "city": "New York City",
        "postalCode": "12345"
      },
      "images": {
        "thumbs": [
          "https://lipsum.app/id/65/400x360",
          "https://lipsum.app/id/61/400x360",
          "https://lipsum.app/id/63/400x360"
        ],
        "large": [
          "https://lipsum.app/id/65/1600x1080",
          "https://lipsum.app/id/61/1600x1080",
          "https://lipsum.app/id/63/1600x1080"
        ]
      },
      "roomFilters": null,
      "id": "6be3"
    },
    {
      "roomTypeId": 6,
      "roomId": "24",
      "companyId": 1,
      "siteId": 1,
      "name": "533",
      "description": "1 queen bed no bath",
      "roomSize": "",
      "bedsize": "",
      "noOfBeds": 1,
      "checkInTime": "01:00 PM",
      "checkOutTime": "11:30 AM",
      "websiteView": 1,
      "ageGroupPersons": [
        "1_1",
        "2_1",
        "3_1",
        "5_1"
      ],
      "noOfAvailableRooms": 1,
      "defaultRate": null,
      "rateMap": {
        "1": 129,
        "2": 0,
        "3": 0,
        "4": 0,
        "5": 249,
        "6": 200,
        "7": 50,
        "8": 50,
        "9": 50,
        "10": 50,
        "11": 50,
        "12": 50,
        "13": 50,
        "14": 50,
        "15": 50,
        "16": 50,
        "17": 50,
        "18": 50,
        "19": 50,
        "20": 50,
        "21": 50,
        "22": 50,
        "23": 50,
        "24": 50,
        "25": 50,
        "26": 50,
        "27": 50,
        "28": 50,
        "29": 50,
        "30": 50,
        "31": 50,
        "32": 50,
        "33": 50,
        "34": 50,
        "35": 50,
        "36": 50,
        "37": 50,
        "38": 50,
        "39": 50,
        "40": 50,
        "41": 50,
        "42": 50,
        "43": 50,
        "44": 50,
        "45": 50,
        "46": 50,
        "47": 50,
        "48": 50,
        "49": 50,
        "50": 50
      },
      "smoking": false,
      "onlineDescription": "Hello,<br /><em>This </em>is <strong>smart</strong> <u>text</u>.",
      "address": {
        "addressId": 5552,
        "addressLine1": "1600 Northstar",
        "addressLine2": "",
        "addressLine3": "",
        "country_Id": 2,
        "country": "United States",
        "state_id": 3,
        "state": "New York",
        "city": "New York City",
        "postalCode": "12345"
      },
      "images": {
        "thumbs": [
          "https://lipsum.app/id/66/400x360",
          "https://lipsum.app/id/61/400x360",
          "https://lipsum.app/id/63/400x360"
        ],
        "large": [
          "https://lipsum.app/id/66/1600x1080",
          "https://lipsum.app/id/61/1600x1080",
          "https://lipsum.app/id/63/1600x1080"
        ]
      },
      "roomFilters": [
        {
          "categoryId": 79,
          "categoryName": "Bedroom",
          "filters": [
            {
              "filterId": 80,
              "filterName": "1 Bed"
            }
          ]
        }
      ],
      "id": "8ac7"
    },
    {
      "roomTypeId": 1,
      "roomId": "25",
      "companyId": 1,
      "siteId": 1,
      "name": "VIP Suite",
      "description": "1 queen bed - sofa-bed with bath",
      "roomSize": "",
      "bedsize": "",
      "noOfBeds": 1,
      "checkInTime": "01:00 PM",
      "checkOutTime": "11:30 AM",
      "websiteView": 0,
      "ageGroupPersons": [],
      "noOfAvailableRooms": 2,
      "defaultRate": 200,
      "rateMap": {
        "1": 129,
        "2": 0,
        "3": 0,
        "4": 0,
        "5": 249,
        "6": 200,
        "7": 50,
        "8": 50,
        "9": 50,
        "10": 50,
        "11": 50,
        "12": 50,
        "13": 50,
        "14": 50,
        "15": 50,
        "16": 50,
        "17": 50,
        "18": 50,
        "19": 50,
        "20": 50,
        "21": 50,
        "22": 50,
        "23": 50,
        "24": 50,
        "25": 50,
        "26": 50,
        "27": 50,
        "28": 50,
        "29": 50,
        "30": 50,
        "31": 50,
        "32": 50,
        "33": 50,
        "34": 50,
        "35": 50,
        "36": 50,
        "37": 50,
        "38": 50,
        "39": 50,
        "40": 50,
        "41": 50,
        "42": 50,
        "43": 50,
        "44": 50,
        "45": 50,
        "46": 50,
        "47": 50,
        "48": 50,
        "49": 50,
        "50": 50
      },
      "smoking": false,
      "onlineDescription": "Hello,<br /><em>This </em>is <strong>smart</strong> <u>text</u>.",
      "address": {
        "addressId": 5551,
        "addressLine1": "1600 Northstar",
        "addressLine2": "",
        "addressLine3": "",
        "country_Id": 2,
        "country": "United States",
        "state_id": 3,
        "state": "New York",
        "city": "New York City",
        "postalCode": "12345"
      },
      "images": {
        "thumbs": [
          "https://lipsum.app/id/613/400x360",
          "https://lipsum.app/id/61/400x360",
          "https://lipsum.app/id/63/400x360"
        ],
        "large": [
          "https://lipsum.app/id/67/1600x1080",
          "https://lipsum.app/id/61/1600x1080",
          "https://lipsum.app/id/63/1600x1080"
        ]
      },
      "roomFilters": [
        {
          "categoryId": 78,
          "categoryName": "Amenities",
          "filters": [
            {
              "filterId": 81,
              "filterName": "Breakfast"
            },
            {
              "filterId": 85,
              "filterName": "Lunch"
            }
          ]
        },
        {
          "categoryId": 79,
          "categoryName": "Bedroom",
          "filters": [
            {
              "filterId": 80,
              "filterName": "1 Bed"
            }
          ]
        },
        {
          "categoryId": 87,
          "categoryName": "Smoking",
          "filters": [
            {
              "filterId": 88,
              "filterName": "Yes"
            }
          ]
        }
      ],
      "id": "5529"
    },
    {
      "roomTypeId": 2,
      "roomId": "26",
      "companyId": 1,
      "siteId": 1,
      "name": "King",
      "description": "1 king bed with bath",
      "roomSize": "",
      "bedsize": "",
      "noOfBeds": 1,
      "checkInTime": "01:00 PM",
      "checkOutTime": "11:30 AM",
      "websiteView": 1,
      "ageGroupPersons": [
        "1_3",
        "2_3",
        "3_3",
        "5_3"
      ],
      "noOfAvailableRooms": 9,
      "defaultRate": null,
      "rateMap": {
        "1": 129,
        "2": 0,
        "3": 0,
        "4": 0,
        "5": 249,
        "6": 200,
        "7": 50,
        "8": 50,
        "9": 50,
        "10": 50,
        "11": 50,
        "12": 50,
        "13": 50,
        "14": 50,
        "15": 50,
        "16": 50,
        "17": 50,
        "18": 50,
        "19": 50,
        "20": 50,
        "21": 50,
        "22": 50,
        "23": 50,
        "24": 50,
        "25": 50,
        "26": 50,
        "27": 50,
        "28": 50,
        "29": 50,
        "30": 50,
        "31": 50,
        "32": 50,
        "33": 50,
        "34": 50,
        "35": 50,
        "36": 50,
        "37": 50,
        "38": 50,
        "39": 50,
        "40": 50,
        "41": 50,
        "42": 50,
        "43": 50,
        "44": 50,
        "45": 50,
        "46": 50,
        "47": 50,
        "48": 50,
        "49": 50,
        "50": 50
      },
      "smoking": false,
      "onlineDescription": "Hello,<br /><em>This </em>is <strong>smart</strong> <u>text</u>.",
      "address": {
        "addressId": 0,
        "addressLine1": "",
        "addressLine2": "",
        "addressLine3": "",
        "country_Id": 0,
        "country": "",
        "state_id": 0,
        "state": "",
        "city": "",
        "postalCode": ""
      },
      "images": {
        "thumbs": [
          "https://lipsum.app/id/610/400x360",
          "https://lipsum.app/id/61/400x360",
          "https://lipsum.app/id/63/400x360"
        ],
        "large": [
          "https://lipsum.app/id/64/1600x1080",
          "https://lipsum.app/id/61/1600x1080",
          "https://lipsum.app/id/63/1600x1080"
        ]
      },
      "roomFilters": [
        {
          "categoryId": 78,
          "categoryName": "Amenities",
          "filters": [
            {
              "filterId": 85,
              "filterName": "Lunch"
            }
          ]
        },
        {
          "categoryId": 79,
          "categoryName": "Bedroom",
          "filters": [
            {
              "filterId": 80,
              "filterName": "1 Bed"
            }
          ]
        },
        {
          "categoryId": 87,
          "categoryName": "Smoking",
          "filters": [
            {
              "filterId": 88,
              "filterName": "Yes"
            }
          ]
        }
      ],
      "id": "83f5"
    },
    {
      "roomTypeId": 6,
      "roomId": "27",
      "companyId": 1,
      "siteId": 1,
      "name": "523",
      "description": "1 queen bed no bath",
      "roomSize": "",
      "bedsize": "",
      "noOfBeds": 1,
      "checkInTime": "01:00 PM",
      "checkOutTime": "11:30 AM",
      "websiteView": 1,
      "ageGroupPersons": [
        "1_1",
        "2_1",
        "3_1",
        "5_1"
      ],
      "noOfAvailableRooms": 1,
      "defaultRate": null,
      "rateMap": {
        "1": 129,
        "2": 0,
        "3": 0,
        "4": 0,
        "5": 249,
        "6": 200,
        "7": 50,
        "8": 50,
        "9": 50,
        "10": 50,
        "11": 50,
        "12": 50,
        "13": 50,
        "14": 50,
        "15": 50,
        "16": 50,
        "17": 50,
        "18": 50,
        "19": 50,
        "20": 50,
        "21": 50,
        "22": 50,
        "23": 50,
        "24": 50,
        "25": 50,
        "26": 50,
        "27": 50,
        "28": 50,
        "29": 50,
        "30": 50,
        "31": 50,
        "32": 50,
        "33": 50,
        "34": 50,
        "35": 50,
        "36": 50,
        "37": 50,
        "38": 50,
        "39": 50,
        "40": 50,
        "41": 50,
        "42": 50,
        "43": 50,
        "44": 50,
        "45": 50,
        "46": 50,
        "47": 50,
        "48": 50,
        "49": 50,
        "50": 50
      },
      "smoking": false,
      "onlineDescription": "Hello,<br /><em>This </em>is <strong>smart</strong> <u>text</u>.",
      "address": {
        "addressId": 5552,
        "addressLine1": "1600 Northstar",
        "addressLine2": "",
        "addressLine3": "",
        "country_Id": 2,
        "country": "United States",
        "state_id": 3,
        "state": "New York",
        "city": "New York City",
        "postalCode": "12345"
      },
      "images": {
        "thumbs": [
          "https://lipsum.app/id/65/400x360",
          "https://lipsum.app/id/61/400x360",
          "https://lipsum.app/id/63/400x360"
        ],
        "large": [
          "https://lipsum.app/id/65/1600x1080",
          "https://lipsum.app/id/61/1600x1080",
          "https://lipsum.app/id/63/1600x1080"
        ]
      },
      "roomFilters": null,
      "id": "6be3"
    },
    {
      "roomTypeId": 6,
      "roomId": "28",
      "companyId": 1,
      "siteId": 1,
      "name": "533",
      "description": "1 queen bed no bath",
      "roomSize": "",
      "bedsize": "",
      "noOfBeds": 1,
      "checkInTime": "01:00 PM",
      "checkOutTime": "11:30 AM",
      "websiteView": 1,
      "ageGroupPersons": [
        "1_1",
        "2_1",
        "3_1",
        "5_1"
      ],
      "noOfAvailableRooms": 1,
      "defaultRate": null,
      "rateMap": {
        "1": 129,
        "2": 0,
        "3": 0,
        "4": 0,
        "5": 249,
        "6": 200,
        "7": 50,
        "8": 50,
        "9": 50,
        "10": 50,
        "11": 50,
        "12": 50,
        "13": 50,
        "14": 50,
        "15": 50,
        "16": 50,
        "17": 50,
        "18": 50,
        "19": 50,
        "20": 50,
        "21": 50,
        "22": 50,
        "23": 50,
        "24": 50,
        "25": 50,
        "26": 50,
        "27": 50,
        "28": 50,
        "29": 50,
        "30": 50,
        "31": 50,
        "32": 50,
        "33": 50,
        "34": 50,
        "35": 50,
        "36": 50,
        "37": 50,
        "38": 50,
        "39": 50,
        "40": 50,
        "41": 50,
        "42": 50,
        "43": 50,
        "44": 50,
        "45": 50,
        "46": 50,
        "47": 50,
        "48": 50,
        "49": 50,
        "50": 50
      },
      "smoking": false,
      "onlineDescription": "Hello,<br /><em>This </em>is <strong>smart</strong> <u>text</u>.",
      "address": {
        "addressId": 5552,
        "addressLine1": "1600 Northstar",
        "addressLine2": "",
        "addressLine3": "",
        "country_Id": 2,
        "country": "United States",
        "state_id": 3,
        "state": "New York",
        "city": "New York City",
        "postalCode": "12345"
      },
      "images": {
        "thumbs": [
          "https://lipsum.app/id/66/400x360",
          "https://lipsum.app/id/61/400x360",
          "https://lipsum.app/id/63/400x360"
        ],
        "large": [
          "https://lipsum.app/id/66/1600x1080",
          "https://lipsum.app/id/61/1600x1080",
          "https://lipsum.app/id/63/1600x1080"
        ]
      },
      "roomFilters": [
        {
          "categoryId": 79,
          "categoryName": "Bedroom",
          "filters": [
            {
              "filterId": 80,
              "filterName": "1 Bed"
            }
          ]
        }
      ],
      "id": "8ac7"
    }
  ],
  "bookings": [
    {
      "id": "b482",
      "bookedRoom": [
        {
          "id": "1",
          "bookingId": "b8f00860-37c4-48c1-a5c3-876078e79c3e",
          "title": "Royal Suite, Executive lounge access, Suite, 1 King",
          "thumbnail": "https://lipsum.app/id/60/400x360",
          "roomtype": "Standard Room",
          "selectedRate": {
            "label": "Rate #1",
            "rate": 250
          },
          "discount": 10,
          "rates": [
            {
              "label": "Rate #1",
              "rate": 250
            },
            {
              "label": "Rate #2",
              "rate": 350
            },
            {
              "label": "Rate #3",
              "rate": 450
            },
            {
              "label": "Rate #4",
              "rate": 550
            },
            {
              "label": "Rate #5",
              "rate": 650
            }
          ],
          "maxOccupancy": 8,
          "bookedRoomCount": 1,
          "adults": 1,
          "children": 0
        }
      ]
    },
    {
      "id": "5f6a",
      "bookedRoom": [
        {
          "roomId": "29",
          "bookingId": "e8391e11-1afd-4a45-acaf-174f5bc50498",
          "title": "VIP Suite",
          "thumbnail": "https://lipsum.app/id/614/400x360",
          "rates": {
            "1": 129,
            "2": 0,
            "3": 0,
            "4": 0,
            "5": 249,
            "6": 200,
            "7": 50,
            "8": 50,
            "9": 50,
            "10": 50,
            "11": 50,
            "12": 50,
            "13": 50,
            "14": 50,
            "15": 50,
            "16": 50,
            "17": 50,
            "18": 50,
            "19": 50,
            "20": 50,
            "21": 50,
            "22": 50,
            "23": 50,
            "24": 50,
            "25": 50,
            "26": 50,
            "27": 50,
            "28": 50,
            "29": 50,
            "30": 50,
            "31": 50,
            "32": 50,
            "33": 50,
            "34": 50,
            "35": 50,
            "36": 50,
            "37": 50,
            "38": 50,
            "39": 50,
            "40": 50,
            "41": 50,
            "42": 50,
            "43": 50,
            "44": 50,
            "45": 50,
            "46": 50,
            "47": 50,
            "48": 50,
            "49": 50,
            "50": 50
          },
          "bookedRoomCount": 1
        }
      ]
    },
    {
      "id": "e5ae",
      "bookedRoom": [
        {
          "roomId": "1",
          "bookingId": "1a02565e-9b30-4086-ae96-1c977b7686d7",
          "title": "VIP Suite",
          "thumbnail": "https://lipsum.app/id/615/400x360",
          "rates": {
            "1": 129,
            "2": 0,
            "3": 0,
            "4": 0,
            "5": 249,
            "6": 200,
            "7": 50,
            "8": 50,
            "9": 50,
            "10": 50,
            "11": 50,
            "12": 50,
            "13": 50,
            "14": 50,
            "15": 50,
            "16": 50,
            "17": 50,
            "18": 50,
            "19": 50,
            "20": 50,
            "21": 50,
            "22": 50,
            "23": 50,
            "24": 50,
            "25": 50,
            "26": 50,
            "27": 50,
            "28": 50,
            "29": 50,
            "30": 50,
            "31": 50,
            "32": 50,
            "33": 50,
            "34": 50,
            "35": 50,
            "36": 50,
            "37": 50,
            "38": 50,
            "39": 50,
            "40": 50,
            "41": 50,
            "42": 50,
            "43": 50,
            "44": 50,
            "45": 50,
            "46": 50,
            "47": 50,
            "48": 50,
            "49": 50,
            "50": 50
          },
          "bookedRoomCount": 1
        }
      ]
    }
  ]
}